id;prenom;nom;situation;gestion_delegue;raison_social;siege_social;personne_morale;date_naiss;lieu_naissance;num_cni;ninea;adresse;email;telephone;telephone_2;telephone_3;aquisition;statut_persone_structure;type_structure;nombre_heritiers;service_ocupant;etablssement
1;Card;recontextualize transmitting program;AUTRE;true;Sausages b;b;false;2021-07-28T02:45:01;Peso;Cambridgeshire;neural;parse throughput;Mahaut62@hotmail.fr;+33 564979770;synthesizing Cotton;Charron Cambridgeshire architectures;Investment Handcrafted 24/365;Intelligent bypass;SNC;39374;withdrawal;programming Berkshire white
2;Games Vatu;Market;EXTERIEUR;true;Enhanced;embrace Money;true;2021-07-28T16:03:28;Loire Turkish;Zambian;XSS;Virtual Bedfordshire XML;Gilles.Schneider21@hotmail.fr;+33 141312084;metrics Multi-layered white;optical Pants transmitter;Ingenieur de SCSI;c web-readiness open-source;SARL;8328;zero;Haute-Normandie matrix
3;magenta Industrial redundant;matrix Lilangeni;AUTRE;true;iterate;Fantastic synthesizing;false;2021-07-28T00:19:03;Gorgeous olive;Granite up;applications Licensed Concrete;Toys a;Ludolphe.Moreau75@hotmail.fr;0297519115;Zloty Borders;Gloves Vaugirard redundant;auxiliary experiences Dong;Steel;ASSOCIATION;97234;de generate Languedoc-Roussillon;Grocery Games
4;bypassing Wooden radical;Small Function-based Innovative;EXTERIEUR;true;c Table auxiliary;collaboration standardization Analyste;true;2021-07-28T16:00:31;a d'Orsel Ameliorated;neural;Qatar Incredible;Open-architected Saudi card;Fabrice_Legall@hotmail.fr;+33 592401193;ability exploit;Jewelery navigating;synthesize Poitou-Charentes;Table deposit;SURL;70941;Faso Handcrafted b;Shilling Danish
5;Executif a;Borders Configurable;EXTERIEUR;true;capability;a d'Alésia Saint-Denis;false;2021-07-28T10:47:12;redundant;Home Kids Sleek;Uruguay Toys;Ingenieur programming;Savin_Charpentier@yahoo.fr;0175109197;Executif a;salmon Midi-Pyrénées b;national a;XSS Seychelles bricks-and-clicks;SA;55862;Quality-focused Vatu synthesize;tan
6;Loan;Alsace SAS;RESIDENT;true;Gloves analyzer;matrix initiatives Toys;true;2021-07-28T09:48:25;generating facilitate;Zambie Mandatory haptic;a;Loire project;Coline_Lefevre@gmail.com;0638123228;Oro EXE panel;architect Provence white;b;CSS transmit Pastourelle;ENTREPRISE_INDIVIDUEL;72392;toolset structure;c Home innovate
7;Towels Superviseur;homogeneous intranet Wooden;AUTRE;true;Iran;SMS communities;true;2021-07-28T05:24:11;compress;e-enable;Toys;Cotton teal Manager;Martial33@hotmail.fr;+33 221439912;Investment;vertical Consultant Fantastic;Outdoors Clothing;Cotton;SA;66895;Poitou-Charentes haptic quantify;Computers olive 1080p
8;viral;algorithm connecting Berkshire;RESIDENT;true;Rubber;24/7 Credit;false;2021-07-28T19:18:14;SSL Bedfordshire;Cuban;Reduced bypassing;Incredible;Emma64@gmail.com;+33 163585454;Sleek Account;synthesizing b;Handmade synthesizing Clothing;payment synergies leading-edge;SNC;73256;Czech a;backing partnerships
9;Palladium;Unit;AUTRE;true;Automotive circuit Shilling;end-to-end haptic;true;2021-07-28T06:32:27;b;input;connecting Shoes Computers;c;Albert80@hotmail.fr;+33 291025481;best-of-breed COM system;evolve;pink payment AGP;RSS;SARL;38848;compressing;deposit North Sharable
10;Argentine next-generation Stagiaire;state Maldives Focused;DECEDE;false;object-oriented;cyan Tools;true;2021-07-28T21:01:55;protocol rich architectures;Monitored;Loan THX;deliverables;Victorien.Julien@yahoo.fr;0143111582;Auvergne;multi-byte payment;Computer;b;ASSOCIATION;79749;Hryvnia engineer;modular
