id;prenom;lien_proprietaire;nom;actif;raison_social;siege_social;personne_morale;date_naiss;lieu_naissance;num_cni;ninea;adresse;email;telephone;telephone_2;telephone_3;statut_persone_structure;type_structure
1;back-end;Analyste Producteur;du card de;false;Montmorency;Movies;true;2021-07-28T10:59:16;Saint-Dominique panel;silver;systems;Picardie Gorgeous bandwidth;Pnlope66@gmail.com;+33 755602692;application up;hybrid viral Hat;Sleek world-class;SNC
2;Architecte encompassing;empower;Ball;true;Computers;c Account Pizza;false;2021-07-28T19:01:47;withdrawal boliviano Moldovan;back-end;Cotton Granite Innovative;Presbourg metrics;Anthelme_Lambert87@hotmail.fr;+33 591323721;Ergonomic Ergonomic;e-services b;collaborative Sleek haptic;ONG
3;d'Assas;Fish Computers de;calculate;false;Norvège;best-of-breed a Fresh;true;2021-07-28T03:12:52;SMTP overriding mission-critical;Frozen generating deposit;maximize a;payment;Perrine_Riviere@hotmail.fr;+33 242479495;Account;Bedfordshire world-class;Checking;GIE
4;yellow Djibouti;a transmitting Berkshire;sky de;true;customized Fresh bypassing;product;true;2021-07-28T07:32:31;withdrawal Champagne-Ardenne mindshare;Frozen web-readiness c;PCI;best-of-breed;Firmin_Sanchez@hotmail.fr;+33 304609556;c Shoes indigo;auxiliary;Cambridgeshire tangible open-source;SARL
5;d'Alésia Handmade Handcrafted;open-source Frozen parsing;USB applications Frozen;true;extensible;Wooden bypassing orchid;false;2021-07-28T19:14:44;uniform compress haptic;Loan b Monitored;systemic microchip;programming;Rjeanne.Garcia@yahoo.fr;+33 587647410;sky Berkshire;Balanced;backing Kiribati;GIE
6;deposit;Pastourelle Saint-Dominique;cultivate;true;Tasty;c;true;2021-07-28T04:15:24;a;ivory explicit Bhoutan;Plastic;Integrated;Alix_Royer79@hotmail.fr;0238274184;c c Kids;Ball implementation;Manat Account;ONG
7;engineer;generating;deposit;true;Centralized;payment Chicken programming;true;2021-07-28T00:25:26;Rustic intangible Shoes;parsing optical;granular;calculate Producteur Rustic;Odile.Charpentier@gmail.com;+33 225945097;AGP brand;b Peso;Cambridgeshire generate;ASSOCIATION
8;magenta;redefine;Credit Hat;false;Incredible Éthiopie SQL;incentivize Lorraine;false;2021-07-28T12:07:17;a;Berkshire;dynamic Belgique Cotton;Albanie website;Ccile59@gmail.com;+33 533367338;Dalasi SMS;Zadkine payment;interactive Bonaparte;GIE
9;whiteboard Molière SQL;interface Zambie;synthesize;true;Salad bluetooth;archive;true;2021-07-28T13:40:58;Advanced;card gold SAS;JSON Ingenieur;Cotton Guyane Card;Elsa.Charpentier37@yahoo.fr;0395732039;Bedfordshire Soft;silver;c Avon;SCS
10;Trinité-et-Tobago;invoice Berkshire Executif;Robust la;false;matrix;Gabon harness feed;false;2021-07-28T10:31:44;Stagiaire;c AI;navigate Intelligent Chair;Soft Ergonomic haptic;Abelin_Durand@gmail.com;+33 363873830;Pastourelle;de;b;SARL
